{"train": {"loss": [0.02191476851251662, 0.01913542849490045, 0.01784926969592097, 0.016908784044047265, 0.016144494224577425, 0.015541927238719763, 0.015125075292824202, 0.014730047176408904, 0.014447257338821398, 0.014114772372199106, 0.013801680351500341, 0.013569838470788126, 0.013322439161007522, 0.01311368295456727, 0.012921884483034298, 0.012814394562338599, 0.012598337604743175, 0.012479959159288711, 0.012320986439042362, 0.012193363537635872, 0.012048188785712574, 0.011969376076670426, 0.011831910371347856, 0.011727230374825042, 0.011626250649413685, 0.011542690468140562, 0.01149517065157654, 0.011367241015280772, 0.011337649947004081, 0.011259127020905044, 0.011178320103517839, 0.01112377324636449, 0.011063517654479275, 0.01100152366242769, 0.010952015338703273, 0.0109052100461405, 0.010842722132738687, 0.010804213338096093, 0.010761488446888854, 0.010721071395306033, 0.010670038517350214, 0.010630534658482236, 0.01059239749016365, 0.010561277872759062, 0.010531642304603829, 0.010496083752833752, 0.010460016982548063, 0.010445321996298825, 0.01040123197129269, 0.010382642600028757], "metric": [0.00031123165967697963, 0.00023681860932213655, 0.00020573536151851805, 0.00018516805066724849, 0.00016912632168177157, 0.00015731511821267377, 0.00014900098566305212, 0.0001418205124746351, 0.0001368848011339217, 0.00013103339137099333, 0.00012601983639968497, 0.00012142136341874952, 0.00011748227144517502, 0.00011387277830325725, 0.00011109191822561495, 0.00010911953440558456, 0.00010640970936418316, 0.00010429203459797955, 0.00010180061342995244, 9.968672676721433e-05, 9.770810980944018e-05, 9.682309189001252e-05, 9.464601681947022e-05, 9.325265567472856e-05, 9.165616659146162e-05, 9.049687188485127e-05, 8.998655984657897e-05, 8.824189121392258e-05, 8.772885042564142e-05, 8.665873540908118e-05, 8.560278049343609e-05, 8.486597540319798e-05, 8.418036296370321e-05, 8.317137993510194e-05, 8.256181388713603e-05, 8.215409484859203e-05, 8.122857180108337e-05, 8.079823740190172e-05, 8.029148205444483e-05, 7.971345299640964e-05, 7.909451349911692e-05, 7.862839008860848e-05, 7.809302210300157e-05, 7.776536024295074e-05, 7.747255142048097e-05, 7.691334711945887e-05, 7.649088184491318e-05, 7.62664446296124e-05, 7.578580938062644e-05, 7.55433152625335e-05]}, "val": {"loss": [0.021071852426975967, 0.014089640267193317, 0.013754544835537673, 0.013678542040288448, 0.013055129498243332, 0.012762704007327557, 0.012245933907106519, 0.012173444349318743, 0.012065937146544456, 0.014406103324145079, 0.012713739359751343, 0.011057424005120992, 0.011601185388863088, 0.01093327758833766, 0.011484973654150963, 0.010197350326925515, 0.010577745577320457, 0.010256944056600333, 0.01096971919760108, 0.010433249175548553, 0.0100612760335207, 0.01049713023006916, 0.010263810688629747, 0.010089143654331565, 0.010013286164030433, 0.009653655374422669, 0.009733109828084707, 0.010272348504513503, 0.010117877572774887, 0.010838572280481457, 0.01380955308675766, 0.010777861876413226, 0.01035049870610237, 0.009608728177845478, 0.00955087629146874, 0.009862431455403567, 0.009742527091875673, 0.010177810583263636, 0.009261572938412429, 0.010743354354053736, 0.010131258796900511, 0.009745509643107653, 0.010374311711639167, 0.009698153547942638, 0.009801991935819387, 0.010052661411464214, 0.009467943431809544, 0.009312779819592833, 0.009543944345787168, 0.009324546474963426], "metric": [0.0003176813610480167, 0.00014148605238005984, 0.00013760155045019928, 0.00012916504601889756, 0.00012155432377767284, 0.00011530710005899891, 0.00010648627467162442, 0.00010261391573294531, 0.00010670271447452251, 0.0001454523419670295, 0.00011861720427987166, 9.026156105392147e-05, 9.948292616172694e-05, 8.641531163448234e-05, 9.178094889648491e-05, 7.651271385839209e-05, 8.273770981759299e-05, 7.731407713436056e-05, 8.77017819948378e-05, 7.984032919921446e-05, 7.379993941867724e-05, 8.15155668897205e-05, 7.586285533761839e-05, 7.433083119394724e-05, 7.244542935950448e-05, 6.994124563789228e-05, 6.962120900425362e-05, 7.6409833454818e-05, 7.525631939643062e-05, 8.397018784307875e-05, 0.00012427875182766002, 8.285068070108536e-05, 7.643494769581594e-05, 6.730202851031209e-05, 6.678560912405373e-05, 7.101678609615192e-05, 6.866982617793838e-05, 7.485923881176859e-05, 6.352580943712383e-05, 8.152484842867125e-05, 7.444017650414025e-05, 6.859684475784888e-05, 7.651462470676052e-05, 6.868988071801141e-05, 6.907688206410967e-05, 7.251236922456883e-05, 6.528225505462614e-05, 6.36315486190142e-05, 6.71512194458046e-05, 6.416939624614314e-05]}}